"account_id";"incorporation_country";"Target reference number";"Scope";"BY";"MRY";"TR";"TY";"source_year";"TYset";"BY_EM";"MRY_EM";"TYSet";"TargetActive";"Quantifiable";"Scope1_2";"Include";"TYset_EM";"TY_EM";"Timelapsed";"reduction_required";"reduction_achieved";"on_track";"target_year_group";"target_completed";"progress_rate";"maturity";"maturity_expired";"maturity_remaining";"annual_ambition_MRY";"annual_ambition_BY";"annual_ambition";"annual_progress";"annual_ambition_MRY_a";"annual_ambition_BY_a";"annual_ambition_a";"annual_progress_BY_a";"annual_progress_TYset_a";"annual_progress_a";"diff_required_achieved_a"
394;"Japan";"Abs 1";"Scope 1+2 (market-based) +3 (upstream & downstream)";2016;2018;30;2030;2018;NA;13730002;13730002;NA;TRUE;TRUE;TRUE;TRUE;NA;9611001.4;0.142857142857143;-588428.657142857;0;TRUE;"2";-30;0;14;2;12;2.92855303767777;2.51549870627173;2.92855303767777;0;2.5;2.14285714285714;2.5;0;NA;0;-0.785695894820629
449;"Turkey";"Abs 1";"Scope 1+2 (location-based)";2014;2017;20;2020;2018;NA;55372;4595876;NA;FALSE;TRUE;TRUE;FALSE;NA;44297.6;0.5;-5537.2;-4540504;FALSE;"0";-99.0361445783133;82000;6;3;3;78.7184152517881;3.65075160010039;78.7184152517881;-336.207067145484;33.0120481927711;3.33333333333333;33.0120481927711;-2733.33333333333;NA;-2733.33333333333;-75.3850819184548
454;"United States of America";"Abs 1";"Scope 1+2 (location-based) +3 (upstream)";2015;2017;5;2020;2018;NA;132493;132493;NA;TRUE;TRUE;TRUE;TRUE;NA;125868.35;0.4;-2649.86;0;TRUE;"0";-5;0;5;2;3;1.69524275084415;1.02062183130115;1.69524275084415;0;1.66666666666667;1;1.66666666666667;0;NA;0;-0.695242750844149
820;"United Kingdom of Great Britain and Northern Ireland";"Abs 1";"Scope 1+2 (location-based) +3 (upstream & downstream)";2017;2017;3;2022;2018;NA;300000;300000;NA;TRUE;TRUE;TRUE;TRUE;NA;291000;0;0;0;TRUE;"1";-3;NA;5;0;5;0.607332385179726;0.607332385179726;0.607332385179726;NA;0.6;0.6;0.6;NA;NA;NA;-0.00733238517972634
1104;"United Kingdom of Great Britain and Northern Ireland";"Abs 8";"Scope 1+2 (market-based) +3 (upstream & downstream)";2015;2017;0;2025;2018;NA;1777190;1777190;NA;TRUE;TRUE;TRUE;TRUE;NA;1777190;0.2;0;0;TRUE;"1";0;NA;10;2;8;0;0;0;0;0;0;0;0;NA;0;0
1268;"United Kingdom of Great Britain and Northern Ireland";"Abs 2";"Scope 1+2 (location-based) +3 (upstream)";2016;2017;5;2017;2018;NA;79410;23823;NA;FALSE;TRUE;TRUE;FALSE;NA;75439.5;1;-3970.5;55587;TRUE;"0";216.666666666667;-1400;1;1;0;NA;5;NA;70;-Inf;5;-Inf;70;NA;70;NA
1417;"Canada";"Abs 1";"Scope 1+2 (location-based) +3 (upstream)";2016;2017;15;2021;2018;NA;175268;97449.008;NA;TRUE;TRUE;TRUE;TRUE;NA;148977.8;0.2;-5258.04;77818.992;TRUE;"1";52.8776978417266;-1480;5;1;4;-11.1951982630571;3.19812149975186;-11.1951982630571;44.4;-13.2194244604317;3;-13.2194244604317;44.4;NA;44.4;14.1951982630571
1857;"United States of America";"Abs 1";"Scope 1+2 (market-based) +3 (upstream & downstream)";2013;2017;35;2030;2018;NA;379288;379288;NA;TRUE;TRUE;TRUE;TRUE;NA;246537.2;0.235294117647059;-31235.4823529412;0;TRUE;"2";-35;0;17;4;13;3.25941267018138;2.50218042179856;3.25941267018138;0;2.69230769230769;2.05882352941176;2.69230769230769;0;NA;0;-1.20058914076962
2096;"France";"Abs 1";"Scope 1";2016;2017;1;2018;2018;NA;2000000;222480000;NA;FALSE;TRUE;TRUE;FALSE;NA;1980000;0.5;-10000;-220480000;FALSE;"0";-99.1100323624595;2204800;2;1;1;99.1100323624595;0.501256289338003;99.1100323624595;-11024;99.1100323624595;0.5;99.1100323624595;-11024;NA;-11024;-98.6100323624595
2096;"France";"Abs 4";"Scope 1+2 (location-based)";2012;2017;20;2020;2018;NA;4299;262000000;NA;TRUE;TRUE;TRUE;TRUE;NA;3439.2;0.625;-537.375;-261995701;FALSE;"0";-99.9986873282443;48754724.5405909;8;5;3;97.6410501202407;2.75075275339269;97.6410501202407;-805.705008220575;33.3328957760814;2.5;33.3328957760814;-1218868.11351477;NA;-1218868.11351477;-95.1410501202407
2354;"United States of America";"Abs 1";"Scope 1+2 (market-based) +3 (upstream)";2012;2017;15;2023;2018;NA;162165;162165;NA;TRUE;TRUE;TRUE;TRUE;NA;137840.25;0.454545454545455;-11056.7045454545;0;TRUE;"1";-15;0;11;5;6;2.67229391453276;1.46658415028694;2.67229391453276;0;2.5;1.36363636363636;2.5;0;NA;0;-1.3086575508964
3010;"Brazil";"Abs 1";"Scope 1";2016;2017;1;2021;2018;NA;17534;2086264.8;NA;TRUE;TRUE;TRUE;TRUE;NA;17358.66;0.2;-35.068;-2068730.8;FALSE;"1";-99.1679550937158;5899198.12934869;5;1;4;69.7979312689912;0.200804833857415;69.7979312689912;-11798.3962586974;24.791988773429;0.2;24.791988773429;-11798.3962586974;NA;-11798.3962586974;-69.5979312689912
3010;"Brazil";"Abs 2";"Scope 2 (location-based)";2016;2017;1;2021;2018;NA;14801;1687260;NA;TRUE;TRUE;TRUE;TRUE;NA;14652.99;0.2;-29.602;-1672459;FALSE;"1";-99.1315511539419;5649817.57989324;5;1;4;69.4728640623541;0.200804833857415;69.4728640623541;-11299.6351597865;24.7828877884855;0.2;24.7828877884855;-11299.6351597865;NA;-11299.6351597865;-69.2728640623541
4050;"France";"Abs 1";"Scope 1+2 (location-based) +3 (upstream)";2016;2017;15;2020;2018;NA;158910;39727.5;NA;TRUE;TRUE;TRUE;TRUE;NA;135073.5;0.25;-5959.125;119182.5;TRUE;"0";240;-2000;4;1;3;-50.3694596204975;3.98154105958122;-50.3694596204975;75;-80;3.75;-80;75;NA;75;54.1194596204975
4667;"Germany";"Abs 1";"Scope 1+2 (location-based) +3 (upstream)";2008;2017;20;2020;2018;NA;1481000;1481000;NA;TRUE;TRUE;TRUE;TRUE;NA;1184800;0.75;-222150;0;TRUE;"0";-20;0;12;9;3;7.16822332774442;1.84234701262483;7.16822332774442;0;6.66666666666667;1.66666666666667;6.66666666666667;0;NA;0;-5.50155666107775
4667;"Germany";"Abs 2";"Scope 1+2 (location-based) +3 (upstream)";2008;2017;30;2020;2018;NA;368000;368000;NA;TRUE;TRUE;TRUE;TRUE;NA;257600;0.75;-82800;0;TRUE;"0";-30;0;12;9;3;11.2095998257399;2.92855303767776;11.2095998257399;0;10;2.5;10;0;NA;0;-8.70959982573994
4810;"Norway";"Abs 1";"Scope 1";2015;2017;46;2016;2018;NA;181192;17576109;NA;FALSE;TRUE;TRUE;FALSE;NA;97843.68;2;-166696.64;-17394917;FALSE;"0";-99.443314330834;10435.0735563716;1;2;0;NA;46;NA;-884.899369065789;-99.443314330834;46;-99.443314330834;-4800.13383593095;NA;-4800.13383593095;NA
4810;"Norway";"Abs 5";"Scope 1";2015;2017;6;2020;2018;NA;181192;17576109;NA;TRUE;TRUE;TRUE;TRUE;NA;170320.48;0.4;-4348.60800000001;-17394917;FALSE;"0";-99.0309545758962;400011.152994245;5;2;3;78.6802858055239;1.22988243158529;78.6802858055239;-884.899369065789;33.0103181919654;1.2;33.0103181919654;-4800.13383593095;NA;-4800.13383593095;-77.4802858055239
4810;"Norway";"Abs 6";"Scope 1";2015;2017;15;2020;2018;NA;181192;17576109;NA;TRUE;TRUE;TRUE;TRUE;NA;154013.2;0.4;-10871.52;-17394917;FALSE;"0";-99.1237355207572;160004.461197698;5;2;3;79.3836520315818;3.19812149975187;79.3836520315818;-884.899369065789;33.0412451735857;3;33.0412451735857;-4800.13383593095;NA;-4800.13383593095;-76.3836520315818
4810;"Norway";"Abs 6";"Scope 1";2015;2017;0;2020;2018;NA;181192;17576109;NA;TRUE;TRUE;TRUE;TRUE;NA;181192;0.4;0;-17394917;FALSE;"0";-98.9691006126555;-Inf;5;2;3;78.2359978313386;0;79.3836520315818;-884.899369065789;32.9897002042185;0;33.0412451735857;-4800.13383593095;NA;-4800.13383593095;-78.2359978313386
6414;"Canada";"Abs 1";"Scope 1+2 (location-based)";2015;2017;7.5;2018;2018;NA;23890;2427200;NA;TRUE;TRUE;TRUE;TRUE;NA;22098.25;0.666666666666667;-1194.5;-2403310;FALSE;"0";-99.0895579268293;201197.990791126;3;2;1;99.0895579268293;2.56524198126711;99.0895579268293;-907.963270142137;99.0895579268293;2.5;99.0895579268293;-5029.94976977815;NA;-5029.94976977815;-96.5895579268293
7808;"France";"Abs 1";"Scope 1 +2 (market-based)";2016;2017;2.5;2018;2018;NA;50542;2824960;NA;TRUE;TRUE;TRUE;TRUE;NA;49278.45;0.5;-631.775000000001;-2774418;FALSE;"0";-98.2556053891029;439146.531597482;2;1;1;98.2556053891029;1.25791170934251;98.2556053891029;-5489.33164496854;98.2556053891029;1.25;98.2556053891029;-5489.33164496854;NA;-5489.33164496854;-97.0056053891029
7903;"Sweden";"Abs 1";"Scope 1+2 (market-based) +3 (upstream & downstream)";2016;2017;100;2040;2018;NA;18297000;17931060;NA;TRUE;TRUE;TRUE;TRUE;NA;0;0.0416666666666667;-762375;365940;TRUE;"3";-100;-48;24;1;23;NA;NA;NA;2;NA;NA;NA;2;NA;2;NA
8566;"Japan";"Abs 1";"Scope 1+2 (location-based) +3 (upstream & downstream)";2000;2018;50;2050;2018;NA;180000000;180000000;NA;TRUE;TRUE;TRUE;TRUE;NA;90000000;0.36;-32400000;0;TRUE;"3";-50;0;50;18;32;2.14279379122999;1.37672955066408;2.14279379122999;0;1.5625;1;1.5625;0;NA;0;-1.14279379122999
8634;"Canada";"Abs 1";"Scope 1+2 (location-based)";2016;2017;1;2017;2018;NA;58065;5919240;NA;FALSE;TRUE;TRUE;FALSE;NA;57484.35;1;-580.650000000001;-5861175;FALSE;"0";-99.0288559004196;1009416.1715319;1;1;0;NA;1;NA;-10094.161715319;Inf;1;Inf;-10094.161715319;NA;-10094.161715319;NA
9988;"Japan";"Abs 1";"Scope 2 (location-based)";2016;2017;1;2017;2018;NA;499;49640;NA;FALSE;TRUE;TRUE;FALSE;NA;494.01;1;-4.99000000000001;-49141;FALSE;"0";-99.0048146655923;984789.579158315;1;1;0;NA;1;NA;-9847.89579158317;Inf;1;Inf;-9847.89579158317;NA;-9847.89579158317;NA
10389;"France";"Abs 1";"Scope 1+2 (market-based) +3 (upstream & downstream)";2016;2017;25;2030;2018;NA;9880648;7410486;NA;TRUE;TRUE;TRUE;TRUE;NA;7410486;0.0714285714285714;-176440.142857143;2470162;TRUE;"2";0;-1400;14;1;13;0;2.03390332422636;0;25;0;1.78571428571429;0;25;NA;25;1.78571428571429
10632;"Norway";"Abs 1";"Scope 1+2 (location-based)";2014;2017;5;2020;2018;NA;20898;2089700;NA;TRUE;TRUE;TRUE;TRUE;NA;19853.1;0.5;-522.450000000001;-2068802;FALSE;"0";-99.049954538929;395980.859412383;6;3;3;78.8205442506466;0.85124446108471;78.8205442506466;-364.151479681705;33.0166515129763;0.833333333333335;33.0166515129763;-3299.8404951032;NA;-3299.8404951032;-77.9872109173133
11049;"Sweden";"Abs 1";"Scope 1+2 (location-based) +3 (upstream)";2016;2017;0;2030;2018;NA;228795;228795;NA;TRUE;TRUE;TRUE;TRUE;NA;228795;0.0714285714285714;0;0;TRUE;"2";0;NA;14;1;13;0;0;0;0;0;0;0;0;NA;0;0
11049;"Sweden";"Abs 2";"Scope 1+2 (location-based) +3 (upstream)";2016;2017;0;2017;2018;NA;228795;228795;NA;FALSE;TRUE;TRUE;FALSE;NA;228795;1;0;0;TRUE;"0";0;NA;1;1;0;NA;0;NA;0;NA;0;NA;0;NA;0;NA
11382;"United States of America";"Abs 1";"Scope 1+2 (location-based) +3 (upstream & downstream)";2015;2017;27;2025;2018;NA;26200000;26200000;NA;TRUE;TRUE;TRUE;TRUE;NA;19126000;0.2;-1414800;0;TRUE;"1";-27;0;10;2;8;3.85751182448204;3.09810145774423;3.85751182448204;0;3.375;2.7;3.375;0;NA;0;-1.15751182448204
11382;"United States of America";"Abs 2";"Scope 1+2 (location-based) +3 (upstream & downstream)";2015;2017;67;2050;2018;NA;26200000;26200000;NA;TRUE;TRUE;TRUE;TRUE;NA;8646000;0.0571428571428571;-1003085.71428571;0;TRUE;"3";-67;0;35;2;33;3.30377640723871;3.1179643596032;3.30377640723871;0;2.03030303030303;1.91428571428571;2.03030303030303;0;NA;0;-1.389490692953
12128;"Taiwan, Greater China";"Abs 4";"Scope 1+2 (location-based)";2015;2017;10;2020;2018;NA;4134900;4134900;NA;TRUE;TRUE;TRUE;TRUE;NA;3721410;0.4;-165396;0;TRUE;"0";-10;0;5;2;3;3.45106153943703;2.08516376390232;3.45106153943703;0;3.33333333333333;2;3.33333333333333;0;NA;0;-1.45106153943703
13097;"France";"Abs 1";"Scope 1+2 (location-based) +3 (upstream & downstream)";2016;2017;5;2022;2018;NA;407973;352896.645;NA;TRUE;TRUE;TRUE;TRUE;NA;387574.35;0.166666666666667;-3399.775;55076.355;TRUE;"1";9.8265895953757;-1620;6;1;5;-1.89233142621716;0.85124446108471;-1.89233142621716;13.5;-1.96531791907514;0.833333333333334;-1.96531791907514;13.5;NA;13.5;2.7256647595505
13279;"United States of America";"Abs 1";"Scope 2 (market-based)";2015;2017;50;2025;2018;NA;228681;22868100;NA;TRUE;TRUE;TRUE;TRUE;NA;114340.5;0.2;-22868.1;-22639419;FALSE;"1";-99.5;99000;10;2;8;48.4330731139377;6.69670084631926;48.4330731139377;-900;12.4375;5;12.4375;-4950;NA;-4950;-43.4330731139377
13349;"Japan";"Abs 1";"Scope 1+2 (location-based)";2016;2018;1;2017;2018;NA;250637;35305100;NA;FALSE;TRUE;TRUE;FALSE;NA;248130.63;2;-5012.73999999999;-35054463;FALSE;"0";-99.2971819085628;699307.424681912;1;2;0;NA;1;NA;-1086.85081175513;-99.2971819085628;0.999999999999998;-99.2971819085628;-6993.07424681911;NA;-6993.07424681911;NA
13363;"Japan";"Abs 1";"Scope 1+2 (location-based) +3 (downstream)";2000;2018;5;2030;2018;NA;135000000;135000000;NA;TRUE;TRUE;TRUE;TRUE;NA;128250000;0.6;-4050000;0;TRUE;"2";-5;0;30;18;12;0.426531877756064;0.170831564446572;0.426531877756064;0;0.416666666666667;0.166666666666667;0.416666666666667;0;NA;0;-0.259865211089398
13363;"Japan";"Abs 2";"Scope 1+2 (location-based) +3 (downstream)";2000;2018;50;2050;2018;NA;135000000;135000000;NA;TRUE;TRUE;TRUE;TRUE;NA;67500000;0.36;-24300000;0;TRUE;"3";-50;0;50;18;32;2.14279379122999;1.37672955066408;2.14279379122999;0;1.5625;1;1.5625;0;NA;0;-1.14279379122999
13627;"Denmark";"Abs 3";"Scope 2 (location-based)";2012;2017;1;2020;2018;NA;8131;813100;NA;FALSE;TRUE;TRUE;FALSE;NA;8049.69;0.625;-50.8187500000003;-804969;FALSE;"0";-99.01;1583999.99999999;8;5;3;78.5277083098106;0.125550317727352;78.5277083098106;-151.188643150958;33.0033333333333;0.125000000000001;33.0033333333333;-1980;NA;-1980;-78.4027083098106
14516;"Sweden";"Abs 1";"Scope 1+2 (market-based) +3 (upstream & downstream)";2017;2017;0;2045;2018;NA;11379;11379;NA;TRUE;TRUE;TRUE;TRUE;NA;11379;0;0;0;TRUE;"3";0;NA;28;0;28;0;0;0;NA;0;0;0;NA;NA;NA;0
14548;"United Kingdom of Great Britain and Northern Ireland";"Abs 5";"Scope 1+2 (location-based) +3 (upstream & downstream)";2018;2018;0;2019;2018;NA;153620;153620;NA;TRUE;TRUE;TRUE;TRUE;NA;153620;0;0;0;TRUE;"0";0;NA;1;0;1;0;0;0;NA;0;0;0;NA;NA;NA;0
15187;"Cyprus";"Abs 2";"Scope 2 (location-based)";2015;2017;10;2020;2018;NA;207.4;17700;NA;TRUE;TRUE;TRUE;TRUE;NA;186.66;0.4;-8.296;-17492.6;FALSE;"0";-98.9454237288136;210855.834136933;5;2;3;78.0706379179701;2.08516376390232;78.0706379179701;-823.809145087736;32.9818079096045;2;32.9818079096045;-4217.11668273867;NA;-4217.11668273867;-76.0706379179701
16558;"United Kingdom of Great Britain and Northern Ireland";"Abs 1";"Scope 1+2 (location-based)";2012;2018;18;2018;2018;NA;26194904;26194904;NA;FALSE;TRUE;TRUE;FALSE;NA;21479821.28;1;-4715082.72;0;TRUE;"0";-18;0;6;6;0;NA;3.25341544456902;NA;0;Inf;3;Inf;0;NA;0;NA
18433;"Austria";"Abs 2";"Scope 1+2 (market-based) +3 (upstream)";2013;2017;45;2030;2018;NA;325096;325096;NA;TRUE;TRUE;TRUE;TRUE;NA;178802.8;0.235294117647059;-34421.9294117647;0;TRUE;"2";-45;0;17;4;13;4.49460630328141;3.45557128440515;4.49460630328141;0;3.46153846153846;2.64705882352941;3.46153846153846;0;NA;0;-1.847547479752
18433;"Austria";"Abs 3";"Scope 1+2 (market-based) +3 (upstream)";2013;2017;79;2050;2018;NA;325096;325096;NA;TRUE;TRUE;TRUE;TRUE;NA;68270.16;0.108108108108108;-27764.9556756757;0;TRUE;"3";-79;0;37;4;33;4.61914948225681;4.13024830037385;4.61914948225681;0;2.39393939393939;2.13513513513514;2.39393939393939;0;NA;0;-2.48401434712168
18448;"Netherlands";"Abs 1";"Scope 2 (location-based)";2014;2017;2;2016;2018;NA;29600;2960000;NA;FALSE;TRUE;TRUE;FALSE;NA;29008;1.5;-888;-2930400;FALSE;"0";-99.02;330000;2;3;0;NA;1.00505063388334;NA;-364.158883361278;-99.02;1;-99.02;-3300;NA;-3300;NA
19100;"France";"Abs 1";"Scope 2 (location-based)";2015;2017;20;2018;2018;NA;140515;14051500;NA;TRUE;TRUE;TRUE;TRUE;NA;112412;0.666666666666667;-18735.3333333333;-13910985;FALSE;"0";-99.2;74250;3;2;1;99.2;7.16822332774442;99.2;-900;99.2;6.66666666666667;99.2;-4950;NA;-4950;-92.5333333333333
19184;"Japan";"Abs 2";"Scope 1+2 (location-based) +3 (upstream & downstream)";2017;2018;1;2018;2018;NA;115244;115244;NA;TRUE;TRUE;TRUE;TRUE;NA;114091.56;1;-1152.44;0;TRUE;"0";-1;0;1;1;0;NA;1;NA;0;Inf;1;Inf;0;NA;0;NA
19304;"Canada";"Abs 1";"Scope 1";2010;2017;20;2020;2018;NA;118352;12800000;NA;TRUE;TRUE;TRUE;TRUE;NA;94681.6;0.7;-16569.28;-12681648;FALSE;"0";-99.2603;76537.1096390429;10;7;3;80.515682124033;2.20672314570715;80.515682124033;-95.2433893915303;33.0867666666667;2;33.0867666666667;-1530.74219278086;NA;-1530.74219278086;-78.515682124033
19304;"Canada";"Abs 3";"Scope 1";2009;2017;10;2018;2018;NA;2269667;341000000;NA;TRUE;TRUE;TRUE;TRUE;NA;2042700.3;0.888888888888889;-201748.177777778;-338730333;FALSE;"0";-99.4009676539589;167897.592300985;9;8;1;99.4009676539589;1.16384668842517;99.4009676539589;-87.1108749013205;99.4009676539589;1.11111111111111;99.4009676539589;-1865.52880334428;NA;-1865.52880334428;-98.2898565428478
20841;"Canada";"Abs 1";"Scope 1+2 (location-based) +3 (upstream)";2015;2017;100;2025;2018;NA;11379;11379;NA;TRUE;TRUE;TRUE;TRUE;NA;0;0.2;-2275.8;0;TRUE;"1";-100;0;10;2;8;NA;NA;NA;0;NA;NA;NA;0;NA;0;NA
21641;"Brazil";"Abs 2";"Scope 2 (location-based)";2014;2017;10;2018;2018;NA;48230.948;48230.948;NA;TRUE;TRUE;TRUE;TRUE;NA;43407.8532;0.75;-3617.3211;0;TRUE;"0";-10;0;4;3;1;10;2.59962535747033;10;0;10;2.5;10;0;NA;0;-7.5
22917;"Spain";"Abs 1";"Scope 1+2 (location-based)";2017;2017;100;2025;2018;NA;97700;4589300;NA;TRUE;TRUE;TRUE;TRUE;NA;0;0;0;-4491600;FALSE;"1";-100;Inf;8;0;8;NA;NA;NA;NA;NA;NA;NA;NA;NA;NA;NA
23073;"Ireland";"Abs 1";"Scope 1+2 (location-based) +3 (upstream)";2017;2018;6;2023;2018;NA;51000;51000;NA;TRUE;TRUE;TRUE;TRUE;NA;47940;0.166666666666667;-510;0;TRUE;"1";-6.00000000000001;0;6;1;5;1.22988243158529;1.02595750826576;1.22988243158529;0;1.2;1;1.2;0;NA;0;-0.229882431585294
23095;"Brazil";"Abs 1";"Scope 1";2016;2017;1;2017;2018;NA;2553.65;253378;NA;FALSE;TRUE;TRUE;FALSE;NA;2528.1135;1;-25.5365000000002;-250824.35;FALSE;"0";-99.0022363820063;982218.980674714;1;1;0;NA;1;NA;-9822.1898067472;Inf;1.00000000000001;Inf;-9822.1898067472;NA;-9822.1898067472;NA
23318;"Switzerland";"Abs 1";"Scope 1+2 (market-based) +3 (upstream)";2017;2017;60;2025;2018;NA;8230000;8230000;NA;TRUE;TRUE;TRUE;TRUE;NA;3292000;0;0;0;TRUE;"1";-60;NA;8;0;8;10.8220470762504;10.8220470762504;10.8220470762504;NA;7.5;7.5;7.5;NA;NA;NA;-3.32204707625036
28840;"United States of America";"Abs 1";"Scope 1+2 (location-based)";2016;2017;20;2025;2018;NA;12266.21;1226621;NA;FALSE;TRUE;TRUE;FALSE;NA;9812.968;0.111111111111111;-272.582444444444;-1214354.79;FALSE;"1";-99.2;445500;9;1;8;45.3127294295789;2.44888880209235;45.3127294295789;-9900;12.4;2.22222222222222;12.4;-9900;NA;-9900;-43.0905072073567
30131;"United States of America";"Abs 1";"Scope 1 +2 (market-based)";2016;2017;1;2017;2018;NA;334851;30593900;NA;FALSE;TRUE;TRUE;FALSE;NA;331502.49;1;-3348.51000000001;-30259049;FALSE;"0";-98.9164425261245;903657.119136569;1;1;0;NA;1;NA;-9036.57119136571;Inf;1;Inf;-9036.57119136571;NA;-9036.57119136571;NA
31448;"United Kingdom of Great Britain and Northern Ireland";"Abs 1";"Scope 1+2 (location-based)";2016;2017;1;2017;2018;NA;715.26;141640;NA;FALSE;TRUE;TRUE;FALSE;NA;708.1074;1;-7.15260000000001;-140924.74;FALSE;"0";-99.5000653770121;1970258.92682381;1;1;0;NA;1;NA;-19702.5892682381;Inf;1;Inf;-19702.5892682381;NA;-19702.5892682381;NA
34322;"China";"Abs 1";"Scope 1+2 (location-based)";2016;2017;10;2017;2018;NA;5476354;5476354;NA;FALSE;TRUE;TRUE;FALSE;NA;4928718.6;1;-547635.399999999;0;TRUE;"0";-9.99999999999999;0;1;1;0;NA;9.99999999999999;NA;0;Inf;9.99999999999999;Inf;0;NA;0;NA
35050;"United States of America";"Abs 1";"Scope 1+2 (location-based) +3 (upstream)";2016;2017;20;2030;2018;NA;13035;13035;NA;TRUE;TRUE;TRUE;TRUE;NA;10428;0.0714285714285714;-186.214285714286;0;TRUE;"2";-20;0;14;1;13;1.70184111498723;1.58124742067712;1.70184111498723;0;1.53846153846154;1.42857142857143;1.53846153846154;0;NA;0;-0.273269686415806
35322;"United States of America";"Abs 1";"Scope 1";2017;2017;8;2018;2018;NA;38601.92;38601.92;NA;TRUE;TRUE;TRUE;TRUE;NA;35513.7664;0;0;0;TRUE;"0";-8;NA;1;0;1;8;8;8;NA;7.99999999999999;7.99999999999999;7.99999999999999;NA;NA;NA;-0.00000000000000177635683940025
36595;"Spain";"Abs 1";"Scope 1+2 (location-based) +3 (upstream & downstream)";2016;2017;20;2020;2018;NA;44551;44551;NA;TRUE;TRUE;TRUE;TRUE;NA;35640.8;0.25;-2227.55;0;TRUE;"0";-20;0;4;1;3;7.16822332774442;5.42583909968242;7.16822332774442;0;6.66666666666666;5;6.66666666666666;0;NA;0;-2.16822332774442
37523;"United States of America";"Abs 3";"Scope 1+2 (location-based) +3 (upstream)";2017;2017;20;2023;2018;NA;4001;4001;NA;TRUE;TRUE;TRUE;TRUE;NA;3200.8;0;0;0;TRUE;"1";-20;NA;6;0;6;3.65075160010039;3.65075160010039;3.65075160010039;NA;3.33333333333333;3.33333333333333;3.33333333333333;NA;NA;NA;-0.317418266767056
45081;"Japan";"Abs 1";"Scope 1+2 (location-based)";2016;2018;1;2017;2018;NA;5901.93;258839.28;NA;FALSE;TRUE;TRUE;FALSE;NA;5842.9107;2;-118.0386;-252937.35;FALSE;"0";-97.7426491450602;214283.590283179;1;2;0;NA;1;NA;-562.244049098485;-97.7426491450602;0.999999999999999;-97.7426491450602;-2142.83590283179;NA;-2142.83590283179;NA
48176;"Ireland";"Abs 1";"Scope 1+2 (location-based) +3 (upstream & downstream)";2015;2017;30;2025;2018;NA;63743;63743;NA;TRUE;TRUE;TRUE;TRUE;NA;44620.1;0.2;-3824.58;0;TRUE;"1";-30;0;10;2;8;4.36050924285019;3.50389048801824;4.36050924285019;0;3.75;3;3.75;0;NA;0;-1.36050924285019
50895;"Germany";"Abs 3";"Scope 2 (location-based)";2013;2017;0;2017;2018;NA;2365.82;2365.82;NA;FALSE;TRUE;TRUE;FALSE;NA;2365.82;1;0;0;TRUE;"0";0;NA;4;4;0;NA;0;NA;0;NA;0;NA;0;NA;0;NA
50905;"Spain";"Abs 1";"Scope 2 (location-based)";2017;2017;1;2020;2018;NA;335;169300;NA;TRUE;TRUE;TRUE;TRUE;NA;331.65;0;0;-168965;FALSE;"0";-99.8041051388068;Inf;3;0;3;87.4875886220091;0.334450658740371;87.4875886220091;NA;33.2680350462689;0.333333333333336;33.2680350462689;NA;NA;NA;-87.1542552886758
51129;"China";"Abs 1";"Scope 1+2 (location-based)";2018;2018;3;2018;2018;NA;4861907.8;4861907.8;NA;FALSE;TRUE;TRUE;FALSE;NA;4716050.566;NA;NA;0;NA;"0";-3;NA;0;0;0;NA;100;NA;NA;Inf;Inf;Inf;NA;NA;NA;NA
51245;"Republic of Korea";"Abs 1";"Scope 1+2 (location-based)";2016;2017;9.7;2017;2018;NA;5942;594200;NA;FALSE;TRUE;TRUE;FALSE;NA;5365.626;1;-576.374;-588258;FALSE;"0";-99.097;102061.855670103;1;1;0;NA;9.7;NA;-9900;Inf;9.7;Inf;-9900;NA;-9900;NA
52905;"Finland";"Abs 1";"Scope 1+2 (market-based) +3 (upstream & downstream)";2014;2017;15;2020;2018;NA;210000;178500;NA;TRUE;TRUE;TRUE;TRUE;NA;178500;0.5;-15750;31500;TRUE;"0";0;-200;6;3;3;0;2.67229391453276;0;5.27317628140904;0;2.5;0;5;NA;5;2.5
58029;"Mexico";"Abs 2";"Scope 2 (location-based)";2016;2017;0;2020;2018;NA;3518360.64;3518360.64;NA;FALSE;TRUE;TRUE;FALSE;NA;3518360.64;0.25;0;0;TRUE;"0";0;NA;4;1;3;0;0;0;0;0;0;0;0;NA;0;0
58901;"Japan";"Abs 1";"Scope 1+2 (location-based)";2016;2018;3.8;2022;2018;NA;927;45.2585;NA;TRUE;TRUE;TRUE;TRUE;NA;891.774;0.333333333333333;-11.742;881.7415;TRUE;"1";1870.40114011733;-7509.29569068302;6;2;4;-110.687447929412;0.643600434786962;-110.687447929412;77.9041755422393;-467.600285029332;0.633333333333333;-467.600285029332;47.5588727076591;NA;47.5588727076591;111.320781262745
60620;"Finland";"Abs 2";"Scope 1+2 (location-based) +3 (upstream & downstream)";2015;2017;11;2030;2018;NA;99.5;99.5;NA;TRUE;TRUE;TRUE;TRUE;NA;88.555;0.133333333333333;-1.45933333333333;0;TRUE;"2";-11;0;15;2;13;0.892408159648328;0.773882101511847;0.892408159648328;0;0.846153846153846;0.733333333333333;0.846153846153846;0;NA;0;-0.159074826314995
71988;"China";"Abs 1";"Scope 2 (location-based)";2018;2019;1;2018;2018;NA;1;1;NA;TRUE;TRUE;TRUE;TRUE;NA;0.99;Inf;-Inf;0;TRUE;"0";-1;0;0;1;0;NA;100;NA;0;-1;Inf;-1;0;NA;0;NA
73380;"China";"Abs 1";"Scope 1";2018;2018;10;2100;2018;NA;10;100;NA;TRUE;TRUE;TRUE;TRUE;NA;9;0;0;-90;FALSE;"3";-91;Inf;82;0;82;2.89382226833753;0.128405922683883;2.89382226833753;NA;1.10975609756098;0.121951219512195;1.10975609756098;NA;NA;NA;-2.77187104882534
827021;"Italy";"Abs 1";"Scope 2 (location-based)";2014;2017;1;2017;2018;NA;6623;662300;NA;FALSE;TRUE;TRUE;FALSE;NA;6556.77;1;-66.2300000000005;-655677;FALSE;"0";-99.01;989999.999999993;3;3;0;NA;0.334450658740371;NA;-364.158883361278;Inf;0.333333333333336;Inf;-3300;NA;-3300;NA
831825;"United States of America";"Abs 1";"Scope 1 +2 (market-based)";2017;2017;5;2018;2018;NA;49548;4954800;NA;TRUE;TRUE;TRUE;TRUE;NA;47070.6;0;0;-4905252;FALSE;"0";-99.05;Inf;1;0;1;99.05;5;99.05;NA;99.05;5;99.05;NA;NA;NA;-94.05
